file_name,row_group_id,row_group_num_rows,row_group_num_columns,row_group_bytes,column_id,file_offset,num_values,path_in_schema,type,stats_min,stats_max,stats_null_count,stats_distinct_count,stats_min_value,stats_max_value,compression,encodings,index_page_offset,dictionary_page_offset,data_page_offset,total_compressed_size,total_uncompressed_size,key_value_metadata,bloom_filter_offset,bloom_filter_length,min_is_exact,max_is_exact,row_group_compressed_bytes,geo_bbox,geo_types,compression_ratio
s3://dsan6000-data/acled_events.parquet,2,683881,31,255321616,8,0,683881,assoc_actor_1,BYTE_ARRAY,,,412517,,#DontMuteDC,iDEFEND: In Defense of Human Rights and Dignity; PM: Labor Party; Women (Philippines),SNAPPY,"PLAIN, RLE, RLE_DICTIONARY",,318712106,319098460,3788158,13756725,{},,,True,True,111018129,,,0.27536772015141686
s3://dsan6000-data/acled_events.parquet,1,1048576,31,363728874,8,0,1048576,assoc_actor_1,BYTE_ARRAY,,,608010,,#CodeRed; Black Sash; Health Workers (South Africa); Labor Group (South Africa); Sonke Gender Justice; UPM: Unemployed Peoples Movement; Women (South Africa),iDEFEND: In Defense of Human Rights and Dignity,SNAPPY,"PLAIN, RLE, RLE_DICTIONARY",,148240638,148609817,6595434,22273836,{},,,True,True,173691846,,,0.2961067864556424
s3://dsan6000-data/acled_events.parquet,2,683881,31,255321616,25,0,683881,source,BYTE_ARRAY,,,0,,021.rs,thessaliatv.gr; To Pontiki,SNAPPY,"PLAIN, RLE, RLE_DICTIONARY",,334944940,335376756,4835874,15377701,{},,,True,True,111018129,,,0.31447314523803005
s3://dsan6000-data/acled_events.parquet,0,1048576,31,282501573,8,0,1048576,assoc_actor_1,BYTE_ARRAY,,,692496,,#1980FMZ: Freedom Movement Zimbabwe,sp.a: Flemish Socialist Party,SNAPPY,"PLAIN, RLE, RLE_DICTIONARY",,8112160,8496727,2919602,8986283,{},,,True,True,139815843,,,0.3248953989096493
s3://dsan6000-data/acled_events.parquet,1,1048576,31,363728874,25,0,1048576,source,BYTE_ARRAY,,,0,,021.rs,yam News; Liberty Times,SNAPPY,"PLAIN, RLE, RLE_DICTIONARY",,176702354,177205099,8459360,24138376,{},,,True,True,173691846,,,0.35045273965406787
s3://dsan6000-data/acled_events.parquet,2,683881,31,255321616,27,0,683881,notes,BYTE_ARRAY,,,0,,"109) On 3 September 2024, students staged protests for the first day across Telangana state (coded to Hyderabad) against the INC-led state government for terminating the services of around 6,200 guest faculty, part-time teachers, subject associates and others working in Centre of Excellences (CoEs) and residential welfare schools across the state.","Weapons seizure: On 9 September 2025, police forces seized a weapons shipment which was prepared to be smuggled to Lebanon in the area between Az-Zabdani and Madaya towns in rural Damascus.",SNAPPY,"PLAIN, RLE, RLE_DICTIONARY",,340143567,340621199,82812789,199014193,{},,,True,True,111018129,,,0.41611499035146704
s3://dsan6000-data/acled_events.parquet,2,683881,31,255321616,0,0,683881,event_id_cnty,BYTE_ARRAY,,,0,,ABW23,ZIM7385,SNAPPY,"PLAIN, RLE, RLE_DICTIONARY",,313507693,313957329,3557847,8531071,{},,,True,True,111018129,,,0.41704576131179777
s3://dsan6000-data/acled_events.parquet,0,1048576,31,282501573,25,0,1048576,source,BYTE_ARRAY,,,0,,021.rs,yam News; UDN,SNAPPY,"PLAIN, RLE, RLE_DICTIONARY",,30000515,30421671,4262560,10136152,{},,,True,True,139815843,,,0.42053039457182567
s3://dsan6000-data/acled_events.parquet,0,1048576,31,282501573,0,0,1048576,event_id_cnty,BYTE_ARRAY,,,0,,ABW4,ZIM999,SNAPPY,"PLAIN, RLE, RLE_DICTIONARY",,4,399065,5116572,12142013,{},,,True,True,139815843,,,0.42139404726382684
s3://dsan6000-data/acled_events.parquet,1,1048576,31,363728874,11,0,1048576,assoc_actor_2,BYTE_ARRAY,,,921161,,#EndSARS; Women (Nigeria),eMambedwini Communal Group (South Africa),SNAPPY,"PLAIN, RLE, RLE_DICTIONARY",,156150946,156546599,1094896,2556447,{},,,True,True,173691846,,,0.4282881671319609
s3://dsan6000-data/acled_events.parquet,1,1048576,31,363728874,0,0,1048576,event_id_cnty,BYTE_ARRAY,,,0,,ABW10,ZIM7335,SNAPPY,"PLAIN, RLE, RLE_DICTIONARY",,139815847,140267615,5570081,12640217,{},,,True,True,173691846,,,0.44066340000333853
s3://dsan6000-data/acled_events.parquet,0,1048576,31,282501573,1,0,1048576,event_date,BYTE_ARRAY,,,0,,1997-01-01,2020-10-28,SNAPPY,"PLAIN, RLE, RLE_DICTIONARY",,5116576,5149949,75194,169752,{},,,True,True,139815843,,,0.44296385315047837
s3://dsan6000-data/acled_events.parquet,0,1048576,31,282501573,27,0,1048576,notes,BYTE_ARRAY,,,0,,#FeesMustFall students burned a university bus outside the Soshanguve campus.,"~800 Mai Mai militia members (possibly led by chief Gedeon) with firearms were reported in Moba territory, at the base on Kibawa mountains.",SNAPPY,"PLAIN, RLE, RLE_DICTIONARY",,34801554,35203421,102472231,222202327,{},,,True,True,139815843,,,0.46116632702950944
s3://dsan6000-data/acled_events.parquet,1,1048576,31,363728874,27,0,1048576,notes,BYTE_ARRAY,,,0,,",On 22 January 2021, a Taliban suicide car bomber was intercepted before it reaches its target to a military base in unknown location in Baghlan province (Pul-e Khumri). The bomber was killed and the explosives were defused. The report didn't share the exact location.","Weapons seizure:On 9 October 2022, Iraqi Army found and seized several weapons in Tharthar desert area in Al Anbar province. The weapons included 17 different homemade explosive devices,15 mortar rounds of different caliber, and 6 Jahanam missiles.",SNAPPY,"PLAIN, RLE, RLE_DICTIONARY",,185749252,186326469,124780013,270453383,{},,,True,True,173691846,,,0.4613734596915728
s3://dsan6000-data/acled_events.parquet,2,683881,31,255321616,11,0,683881,assoc_actor_2,BYTE_ARRAY,,,607682,,103 Zombies Gang,al-Subayha Tribal Group (Yemen),SNAPPY,"PLAIN, RLE, RLE_DICTIONARY",,323298962,323610918,523396,1028824,{},,,True,True,111018129,,,0.5087323001796226
s3://dsan6000-data/acled_events.parquet,1,1048576,31,363728874,1,0,1048576,event_date,BYTE_ARRAY,,,0,,2020-10-28,2024-01-26,SNAPPY,"PLAIN, RLE, RLE_DICTIONARY",,145385928,145390780,12884,24496,{},,,True,True,173691846,,,0.5259634225996082
s3://dsan6000-data/acled_events.parquet,0,1048576,31,282501573,11,0,1048576,assoc_actor_2,BYTE_ARRAY,,,915045,,#EndSARS,al-Zoub Tribal Militia (Yemen),SNAPPY,"PLAIN, RLE, RLE_DICTIONARY",,12567695,12933897,732013,1355224,{},,,True,True,139815843,,,0.5401417035117442
s3://dsan6000-data/acled_events.parquet,2,683881,31,255321616,28,0,683881,fatalities,INT64,0,400,0,,0,400,SNAPPY,"PLAIN, RLE, RLE_DICTIONARY",,422956356,422957076,220027,398069,{},,,True,True,111018129,,,0.5527358322300908
s3://dsan6000-data/acled_events.parquet,1,1048576,31,363728874,28,0,1048576,fatalities,INT64,0,1000,0,,0,1000,SNAPPY,"PLAIN, RLE, RLE_DICTIONARY",,310529265,310530047,346245,625966,{},,,True,True,173691846,,,0.553137071342533
s3://dsan6000-data/acled_events.parquet,2,683881,31,255321616,1,0,683881,event_date,BYTE_ARRAY,,,0,,2024-01-26,2025-09-26,SNAPPY,"PLAIN, RLE, RLE_DICTIONARY",,317065540,317068236,7211,12969,{},,,True,True,111018129,,,0.5560181972395712
s3://dsan6000-data/acled_events.parquet,0,1048576,31,282501573,28,0,1048576,fatalities,INT64,0,1350,0,,0,1350,SNAPPY,"PLAIN, RLE, RLE_DICTIONARY",,137273785,137274926,486956,835780,{},,,True,True,139815843,,,0.5826365790040441
s3://dsan6000-data/acled_events.parquet,1,1048576,31,363728874,29,0,1048576,tags,BYTE_ARRAY,,,114610,,Atrocity,women targeted: voters; Terrorist activity,SNAPPY,"PLAIN, RLE, RLE_DICTIONARY",,310875510,310883583,833890,1187307,{},,,True,True,173691846,,,0.7023373061895534
s3://dsan6000-data/acled_events.parquet,1,1048576,31,363728874,21,0,1048576,location,BYTE_ARRAY,,,0,,1 de Maio,uMhlanga,SNAPPY,"PLAIN, RLE, RLE_DICTIONARY",,165361490,166170160,5509713,7835738,{},,,True,True,173691846,,,0.7031517643902846
s3://dsan6000-data/acled_events.parquet,2,683881,31,255321616,29,0,683881,tags,BYTE_ARRAY,,,66707,,Atrocity,women targeted: voters; Election violence; crowd size=small,SNAPPY,"PLAIN, RLE, RLE_DICTIONARY",,423176383,423182456,491478,673801,{},,,True,True,111018129,,,0.7294112059792135
s3://dsan6000-data/acled_events.parquet,2,683881,31,255321616,7,0,683881,actor1,BYTE_ARRAY,,,0,,100 Rounds Gang,al-Ziadi Tribal Militia (Yemen),SNAPPY,"PLAIN, RLE, RLE_DICTIONARY",,317875867,317977432,836239,1106889,{},,,True,True,111018129,,,0.755485870760302
s3://dsan6000-data/acled_events.parquet,1,1048576,31,363728874,3,0,1048576,time_precision,INT64,1,3,0,,1,3,SNAPPY,"PLAIN, RLE, RLE_DICTIONARY",,145403110,145403147,121435,156131,{},,,True,True,173691846,,,0.7777763544715656
s3://dsan6000-data/acled_events.parquet,0,1048576,31,282501573,29,0,1048576,tags,BYTE_ARRAY,,,733989,,Atrocity,women targeted: voters; crowd size=very small,SNAPPY,"PLAIN, RLE, RLE_DICTIONARY",,137760741,137765427,304503,388690,{},,,True,True,139815843,,,0.7834083717101031
s3://dsan6000-data/acled_events.parquet,0,1048576,31,282501573,7,0,1048576,actor1,BYTE_ARRAY,,,0,,100 Lane Gang,al-Zoub Tribal Militia (Yemen),SNAPPY,"PLAIN, RLE, RLE_DICTIONARY",,6540854,6705019,1571306,1977889,{},,,True,True,139815843,,,0.7944358859369762
s3://dsan6000-data/acled_events.parquet,0,1048576,31,282501573,21,0,1048576,location,BYTE_ARRAY,,,0,,(Du) Nyaung Pin Gyi,uMhlanga Rocks,SNAPPY,"PLAIN, RLE, RLE_DICTIONARY",,20942139,21726651,3615692,4502180,{},,,True,True,139815843,,,0.8030980547201578
s3://dsan6000-data/acled_events.parquet,2,683881,31,255321616,15,0,683881,iso,INT64,0,1005,0,,0,1005,SNAPPY,"PLAIN, RLE, RLE_DICTIONARY",,324521527,324522476,336794,418549,{},,,True,True,111018129,,,0.8046704209065128
s3://dsan6000-data/acled_events.parquet,2,683881,31,255321616,17,0,683881,country,BYTE_ARRAY,,,0,,Afghanistan,eSwatini,SNAPPY,"PLAIN, RLE, RLE_DICTIONARY",,325092308,325094736,337675,419195,{},,,True,True,111018129,,,0.8055320316320567
s3://dsan6000-data/acled_events.parquet,2,683881,31,255321616,3,0,683881,time_precision,INT64,1,3,0,,1,3,SNAPPY,"PLAIN, RLE, RLE_DICTIONARY",,317075584,317075621,72943,90448,{},,,True,True,111018129,,,0.8064633822748983
s3://dsan6000-data/acled_events.parquet,0,1048576,31,282501573,3,0,1048576,time_precision,INT64,1,3,0,,1,3,SNAPPY,"PLAIN, RLE, RLE_DICTIONARY",,5196203,5196240,123589,151213,{},,,True,True,139815843,,,0.8173172941479899
s3://dsan6000-data/acled_events.parquet,0,1048576,31,282501573,30,0,1048576,timestamp,INT64,1552576401,1790219707,0,,1552576401,1790219707,SNAPPY,"PLAIN, RLE, RLE_DICTIONARY",,138065244,138264282,1750603,2139623,{},,,True,True,139815843,,,0.8181829228794044
s3://dsan6000-data/acled_events.parquet,2,683881,31,255321616,10,0,683881,actor2,BYTE_ARRAY,,,366007,,100 Lane Gang,al-Zuwaidi Tribal Militia (Yemen),SNAPPY,"PLAIN, RLE, RLE_DICTIONARY",,322711861,322789657,587101,705587,{},,,True,True,111018129,,,0.832074570534888
s3://dsan6000-data/acled_events.parquet,1,1048576,31,363728874,7,0,1048576,actor1,BYTE_ARRAY,,,0,,100 Rounds Gang,al-Zubayrat Tribal Militia (Yemen),SNAPPY,"PLAIN, RLE, RLE_DICTIONARY",,146709395,146852992,1531243,1820432,{},,,True,True,173691846,,,0.8411426518540654
s3://dsan6000-data/acled_events.parquet,2,683881,31,255321616,21,0,683881,location,BYTE_ARRAY,,,0,,(Du) Nyaung Pin Gyi,uMgababa,SNAPPY,"PLAIN, RLE, RLE_DICTIONARY",,328587814,329397485,2463588,2927634,{},,,True,True,111018129,,,0.8414945310786799
s3://dsan6000-data/acled_events.parquet,1,1048576,31,363728874,15,0,1048576,iso,INT64,0,1006,0,,0,1006,SNAPPY,"PLAIN, RLE, RLE_DICTIONARY",,158366150,158367148,763084,899009,{},,,True,True,173691846,,,0.8488057405431981
s3://dsan6000-data/acled_events.parquet,1,1048576,31,363728874,17,0,1048576,country,BYTE_ARRAY,,,0,,Afghanistan,eSwatini,SNAPPY,"PLAIN, RLE, RLE_DICTIONARY",,159630292,159632851,763744,899456,{},,,True,True,173691846,,,0.8491176889141882
s3://dsan6000-data/acled_events.parquet,0,1048576,31,282501573,10,0,1048576,actor2,BYTE_ARRAY,,,464465,,102nd Brigade,al-Zoub Tribal Militia (Yemen),SNAPPY,"PLAIN, RLE, RLE_DICTIONARY",,11404838,11536475,1162857,1362692,{},,,True,True,139815843,,,0.8533527752419475
s3://dsan6000-data/acled_events.parquet,0,1048576,31,282501573,15,0,1048576,iso,INT64,0,1005,0,,0,1005,SNAPPY,"PLAIN, RLE, RLE_DICTIONARY",,14510758,14511637,686558,802918,{},,,True,True,139815843,,,0.855078600803569
s3://dsan6000-data/acled_events.parquet,0,1048576,31,282501573,17,0,1048576,country,BYTE_ARRAY,,,0,,Afghanistan,eSwatini,SNAPPY,"PLAIN, RLE, RLE_DICTIONARY",,15593087,15595315,686954,803061,{},,,True,True,139815843,,,0.8554194513243701
s3://dsan6000-data/acled_events.parquet,2,683881,31,255321616,30,0,683881,timestamp,INT64,1707185487,1790219712,0,,1707185487,1790219712,SNAPPY,"PLAIN, RLE, RLE_DICTIONARY",,423667861,423699720,857961,982050,{},,,True,True,111018129,,,0.8736428898732244
s3://dsan6000-data/acled_events.parquet,1,1048576,31,363728874,10,0,1048576,actor2,BYTE_ARRAY,,,588092,,102 Mafia Gang,al-Zayd Bin Mashhur Tribal Militia (Yemen),SNAPPY,"PLAIN, RLE, RLE_DICTIONARY",,155196604,155300988,954342,1085650,{},,,True,True,173691846,,,0.8790512596140561
s3://dsan6000-data/acled_events.parquet,0,1048576,31,282501573,26,0,1048576,source_scale,BYTE_ARRAY,,,0,,International,Subnational-Regional,SNAPPY,"PLAIN, RLE, RLE_DICTIONARY",,34263075,34263324,538479,593258,{},,,True,True,139815843,,,0.907664119152207
s3://dsan6000-data/acled_events.parquet,2,683881,31,255321616,13,0,683881,interaction,BYTE_ARRAY,,,0,,Civilians only,State forces-State forces,SNAPPY,"PLAIN, RLE, RLE_DICTIONARY",,324032141,324032581,399771,438187,{},,,True,True,111018129,,,0.9123296674707374
s3://dsan6000-data/acled_events.parquet,2,683881,31,255321616,18,0,683881,admin1,BYTE_ARRAY,,,2,,Aargau,Zurich,SNAPPY,"PLAIN, RLE, RLE_DICTIONARY",,325429983,325458084,911751,993839,{},,,True,True,111018129,,,0.9174031206261779
s3://dsan6000-data/acled_events.parquet,1,1048576,31,363728874,13,0,1048576,interaction,BYTE_ARRAY,,,0,,Civilians only,State forces-State forces,SNAPPY,"PLAIN, RLE, RLE_DICTIONARY",,157566804,157567251,652045,710349,{},,,True,True,173691846,,,0.9179220355064904
s3://dsan6000-data/acled_events.parquet,2,683881,31,255321616,22,0,683881,latitude,DOUBLE,-77.842,79.0484,0,,-77.842,79.0484,SNAPPY,"PLAIN, RLE, RLE_DICTIONARY",,331051402,331533086,1856719,2013022,{},,,True,True,111018129,,,0.9223540527624636
s3://dsan6000-data/acled_events.parquet,2,683881,31,255321616,23,0,683881,longitude,DOUBLE,-178.1562,179.368,0,,-178.1562,179.368,SNAPPY,"PLAIN, RLE, RLE_DICTIONARY",,332908121,333415508,1884923,2034634,{},,,True,True,111018129,,,0.9264187072466105
s3://dsan6000-data/acled_events.parquet,2,683881,31,255321616,26,0,683881,source_scale,BYTE_ARRAY,,,0,,International,Subnational-Regional,SNAPPY,"PLAIN, RLE, RLE_DICTIONARY",,339780814,339781053,362753,389814,{},,,True,True,111018129,,,0.9305797123756459
s3://dsan6000-data/acled_events.parquet,1,1048576,31,363728874,30,0,1048576,timestamp,INT64,1604335373,1790142310,0,,1604335373,1790142310,SNAPPY,"PLAIN, RLE, RLE_DICTIONARY",,311709400,311802571,1798293,1929283,{},,,True,True,173691846,,,0.9321043102541203
s3://dsan6000-data/acled_events.parquet,0,1048576,31,282501573,13,0,1048576,interaction,BYTE_ARRAY,,,0,,Civilians only,State forces-State forces,SNAPPY,"PLAIN, RLE, RLE_DICTIONARY",,13666891,13667329,693233,742999,{},,,True,True,139815843,,,0.9330200982773866
s3://dsan6000-data/acled_events.parquet,1,1048576,31,363728874,22,0,1048576,latitude,DOUBLE,-90.0,78.9257,0,,-90.0,78.9257,SNAPPY,"PLAIN, RLE, RLE_DICTIONARY",,170871203,171479757,2758321,2935736,{},,,True,True,173691846,,,0.9395671136641714
s3://dsan6000-data/acled_events.parquet,0,1048576,31,282501573,23,0,1048576,longitude,DOUBLE,-166.5341,177.5103,0,,-166.5341,177.5103,SNAPPY,"PLAIN, RLE, RLE_DICTIONARY",,27138608,27676145,2611993,2778758,{},,,True,True,139815843,,,0.9399857778187233
s3://dsan6000-data/acled_events.parquet,0,1048576,31,282501573,18,0,1048576,admin1,BYTE_ARRAY,,,2,,Abia,Zurich,SNAPPY,"PLAIN, RLE, RLE_DICTIONARY",,16280041,16308463,1434143,1522580,{},,,True,True,139815843,,,0.9419163525069291
s3://dsan6000-data/acled_events.parquet,0,1048576,31,282501573,22,0,1048576,latitude,DOUBLE,-54.9354,71.2906,0,,-54.9354,71.2906,SNAPPY,"PLAIN, RLE, RLE_DICTIONARY",,24557831,25073934,2580777,2736206,{},,,True,True,139815843,,,0.9431954319228888
s3://dsan6000-data/acled_events.parquet,2,683881,31,255321616,20,0,683881,admin3,BYTE_ARRAY,,,328839,,'N' Thingdawl,uMuziwabantu,SNAPPY,"PLAIN, RLE, RLE_DICTIONARY",,327748471,327899667,839343,888317,{},,,True,True,111018129,,,0.9448687799513011
s3://dsan6000-data/acled_events.parquet,1,1048576,31,363728874,26,0,1048576,source_scale,BYTE_ARRAY,,,0,,International,Subnational-Regional,SNAPPY,"PLAIN, RLE, RLE_DICTIONARY",,185161714,185161963,587538,620886,{},,,True,True,173691846,,,0.9462896570384901
s3://dsan6000-data/acled_events.parquet,0,1048576,31,282501573,20,0,1048576,admin3,BYTE_ARRAY,,,542237,,'N' Thingdawl,uPhongolo,SNAPPY,"PLAIN, RLE, RLE_DICTIONARY",,19735317,19912124,1206822,1270099,{},,,True,True,139815843,,,0.950179474198468
s3://dsan6000-data/acled_events.parquet,1,1048576,31,363728874,23,0,1048576,longitude,DOUBLE,-179.9726,178.5331,0,,-179.9726,178.5331,SNAPPY,"PLAIN, RLE, RLE_DICTIONARY",,173629524,174306876,2832124,2970856,{},,,True,True,173691846,,,0.9533023478754945
s3://dsan6000-data/acled_events.parquet,2,683881,31,255321616,16,0,683881,region,BYTE_ARRAY,,,0,,Antarctica,Western Africa,SNAPPY,"PLAIN, RLE, RLE_DICTIONARY",,324858321,324858555,233987,245007,{},,,True,True,111018129,,,0.9550216932577437
s3://dsan6000-data/acled_events.parquet,2,683881,31,255321616,19,0,683881,admin2,BYTE_ARRAY,,,10318,,'s-Gravenhage,iLembe,SNAPPY,"PLAIN, RLE, RLE_DICTIONARY",,326341734,326529993,1406737,1471931,{},,,True,True,111018129,,,0.9557085216630399
s3://dsan6000-data/acled_events.parquet,1,1048576,31,363728874,20,0,1048576,admin3,BYTE_ARRAY,,,518976,,A Noru,uPhongolo,SNAPPY,"PLAIN, RLE, RLE_DICTIONARY",,164098117,164276097,1263373,1321443,{},,,True,True,173691846,,,0.9560556149603123
s3://dsan6000-data/acled_events.parquet,1,1048576,31,363728874,6,0,1048576,sub_event_type,BYTE_ARRAY,,,0,,Abduction/forced disappearance,Violent demonstration,SNAPPY,"PLAIN, RLE, RLE_DICTIONARY",,146138878,146139451,570517,596315,{},,,True,True,173691846,,,0.9567376302792987
s3://dsan6000-data/acled_events.parquet,0,1048576,31,282501573,19,0,1048576,admin2,BYTE_ARRAY,,,39252,,'s-Gravenhage,iLembe,SNAPPY,"PLAIN, RLE, RLE_DICTIONARY",,17714184,17926118,2021133,2106383,{},,,True,True,139815843,,,0.9595277781865881
s3://dsan6000-data/acled_events.parquet,1,1048576,31,363728874,19,0,1048576,admin2,BYTE_ARRAY,,,21528,,'s-Gravenhage,iLembe,SNAPPY,"PLAIN, RLE, RLE_DICTIONARY",,161935525,162161984,2162592,2245401,{},,,True,True,173691846,,,0.9631206185443045
s3://dsan6000-data/acled_events.parquet,1,1048576,31,363728874,16,0,1048576,region,BYTE_ARRAY,,,0,,Antarctica,Western Africa,SNAPPY,"PLAIN, RLE, RLE_DICTIONARY",,159129234,159129471,501058,518647,{},,,True,True,173691846,,,0.9660867603591653
s3://dsan6000-data/acled_events.parquet,1,1048576,31,363728874,18,0,1048576,admin1,BYTE_ARRAY,,,4,,Aana,Zurich,SNAPPY,"PLAIN, RLE, RLE_DICTIONARY",,160394036,160424602,1541489,1591555,{},,,True,True,173691846,,,0.9685427145150497
s3://dsan6000-data/acled_events.parquet,0,1048576,31,282501573,16,0,1048576,region,BYTE_ARRAY,,,0,,Caribbean,Western Africa,SNAPPY,"PLAIN, RLE, RLE_DICTIONARY",,15197316,15197531,395771,408463,{},,,True,True,139815843,,,0.9689274181504812
s3://dsan6000-data/acled_events.parquet,0,1048576,31,282501573,6,0,1048576,sub_event_type,BYTE_ARRAY,,,0,,Abduction/forced disappearance,Violent demonstration,SNAPPY,"PLAIN, RLE, RLE_DICTIONARY",,5940069,5940652,600785,618312,{},,,True,True,139815843,,,0.9716534694458461
s3://dsan6000-data/acled_events.parquet,2,683881,31,255321616,6,0,683881,sub_event_type,BYTE_ARRAY,,,0,,Abduction/forced disappearance,Violent demonstration,SNAPPY,"PLAIN, RLE, RLE_DICTIONARY",,317517517,317518079,358350,367214,{},,,True,True,111018129,,,0.9758614867624873
s3://dsan6000-data/acled_events.parquet,1,1048576,31,363728874,24,0,1048576,geo_precision,INT64,1,3,0,,1,3,SNAPPY,"PLAIN, RLE, RLE_DICTIONARY",,176461648,176461685,240706,245209,{},,,True,True,173691846,,,0.981636073716707
s3://dsan6000-data/acled_events.parquet,2,683881,31,255321616,24,0,683881,geo_precision,INT64,1,3,0,,1,3,SNAPPY,"PLAIN, RLE, RLE_DICTIONARY",,334793044,334793081,151896,153524,{},,,True,True,111018129,,,0.9893957947942993
s3://dsan6000-data/acled_events.parquet,0,1048576,31,282501573,24,0,1048576,geo_precision,INT64,1,3,0,,1,3,SNAPPY,"PLAIN, RLE, RLE_DICTIONARY",,29750601,29750638,249914,252376,{},,,True,True,139815843,,,0.990244714235902
s3://dsan6000-data/acled_events.parquet,0,1048576,31,282501573,14,0,1048576,civilian_targeting,BYTE_ARRAY,,,862573,,Civilian targeting,Civilian targeting,SNAPPY,"PLAIN, RLE, RLE_DICTIONARY",,14360124,14360162,150634,151536,{},,,True,True,139815843,,,0.9940476190476191
s3://dsan6000-data/acled_events.parquet,1,1048576,31,363728874,14,0,1048576,civilian_targeting,BYTE_ARRAY,,,890670,,Civilian targeting,Civilian targeting,SNAPPY,"PLAIN, RLE, RLE_DICTIONARY",,158218849,158218887,147301,147783,{},,,True,True,173691846,,,0.9967384611220506
s3://dsan6000-data/acled_events.parquet,2,683881,31,255321616,14,0,683881,civilian_targeting,BYTE_ARRAY,,,576710,,Civilian targeting,Civilian targeting,SNAPPY,"PLAIN, RLE, RLE_DICTIONARY",,324431912,324431950,89615,89807,{},,,True,True,111018129,,,0.9978620820203324
s3://dsan6000-data/acled_events.parquet,0,1048576,31,282501573,4,0,1048576,disorder_type,BYTE_ARRAY,,,0,,Demonstrations,Strategic developments,SNAPPY,"PLAIN, RLE, RLE_DICTIONARY",,5319792,5319896,243971,244210,{},,,True,True,139815843,,,0.9990213340977028
s3://dsan6000-data/acled_events.parquet,0,1048576,31,282501573,12,0,1048576,inter2,BYTE_ARRAY,,,464465,,Civilians,State forces,SNAPPY,"PLAIN, RLE, RLE_DICTIONARY",,13299708,13299858,367183,367338,{},,,True,True,139815843,,,0.9995780452879909
s3://dsan6000-data/acled_events.parquet,2,683881,31,255321616,9,0,683881,inter1,BYTE_ARRAY,,,0,,Civilians,State forces,SNAPPY,"PLAIN, RLE, RLE_DICTIONARY",,322500264,322500406,211597,211576,{},,,True,True,111018129,,,1.0000992551140016
s3://dsan6000-data/acled_events.parquet,0,1048576,31,282501573,9,0,1048576,inter1,BYTE_ARRAY,,,0,,Civilians,State forces,SNAPPY,"PLAIN, RLE, RLE_DICTIONARY",,11031762,11031905,373076,372816,{},,,True,True,139815843,,,1.0006973949615896
s3://dsan6000-data/acled_events.parquet,0,1048576,31,282501573,5,0,1048576,event_type,BYTE_ARRAY,,,0,,Battles,Violence against civilians,SNAPPY,"PLAIN, RLE, RLE_DICTIONARY",,5563763,5563900,376306,376032,{},,,True,True,139815843,,,1.00072866139052
s3://dsan6000-data/acled_events.parquet,1,1048576,31,363728874,5,0,1048576,event_type,BYTE_ARRAY,,,0,,Battles,Violence against civilians,SNAPPY,"PLAIN, RLE, RLE_DICTIONARY",,145773929,145774059,364949,364681,{},,,True,True,173691846,,,1.0007348888480618
s3://dsan6000-data/acled_events.parquet,1,1048576,31,363728874,9,0,1048576,inter1,BYTE_ARRAY,,,0,,Civilians,State forces,SNAPPY,"PLAIN, RLE, RLE_DICTIONARY",,154836072,154836217,360532,360254,{},,,True,True,173691846,,,1.000771677760691
s3://dsan6000-data/acled_events.parquet,1,1048576,31,363728874,12,0,1048576,inter2,BYTE_ARRAY,,,588092,,Civilians,State forces,SNAPPY,"PLAIN, RLE, RLE_DICTIONARY",,157245842,157245989,320962,320701,{},,,True,True,173691846,,,1.000813842176981
s3://dsan6000-data/acled_events.parquet,2,683881,31,255321616,12,0,683881,inter2,BYTE_ARRAY,,,366007,,Civilians,State forces,SNAPPY,"PLAIN, RLE, RLE_DICTIONARY",,323822358,323822507,209783,209605,{},,,True,True,111018129,,,1.000849216383197
s3://dsan6000-data/acled_events.parquet,2,683881,31,255321616,5,0,683881,event_type,BYTE_ARRAY,,,0,,Battles,Violence against civilians,SNAPPY,"PLAIN, RLE, RLE_DICTIONARY",,317294777,317294914,222740,222551,{},,,True,True,111018129,,,1.0008492435441765
s3://dsan6000-data/acled_events.parquet,2,683881,31,255321616,4,0,683881,disorder_type,BYTE_ARRAY,,,0,,Demonstrations,Strategic developments,SNAPPY,"PLAIN, RLE, RLE_DICTIONARY",,317148527,317148632,146250,146122,{},,,True,True,111018129,,,1.000875980345191
s3://dsan6000-data/acled_events.parquet,1,1048576,31,363728874,4,0,1048576,disorder_type,BYTE_ARRAY,,,0,,Demonstrations,Strategic developments,SNAPPY,"PLAIN, RLE, RLE_DICTIONARY",,145524545,145524649,249384,249131,{},,,True,True,173691846,,,1.001015529982218
s3://dsan6000-data/acled_events.parquet,0,1048576,31,282501573,2,0,1048576,year,INT64,1997,2020,0,,1997,2020,SNAPPY,"PLAIN, RLE, RLE_DICTIONARY",,5191770,5191895,4433,4410,{},,,True,True,139815843,,,1.0052154195011338
s3://dsan6000-data/acled_events.parquet,1,1048576,31,363728874,2,0,1048576,year,INT64,2020,2024,0,,2020,2024,SNAPPY,"PLAIN, RLE, RLE_DICTIONARY",,145398812,145398858,4298,4200,{},,,True,True,173691846,,,1.0233333333333334
s3://dsan6000-data/acled_events.parquet,2,683881,31,255321616,2,0,683881,year,INT64,2024,2025,0,,2024,2025,SNAPPY,"PLAIN, RLE, RLE_DICTIONARY",,317072751,317072783,2833,2761,{},,,True,True,111018129,,,1.0260775081492213
